user_id,profile_picture
200,https://images.unsplash.com/photo-1494790108377-be9c29b29330?w=400&h=400&fit=crop
201,https://images.unsplash.com/photo-1507003211169-0a1dd7228f2d?w=400&h=400&fit=crop
202,https://images.unsplash.com/photo-1500648767791-00dcc994a43e?w=400&h=400&fit=crop
203,https://images.unsplash.com/photo-1438761681033-6461ffad8d80?w=400&h=400&fit=crop
204,https://images.unsplash.com/photo-1472099645785-5658abf4ff4e?w=400&h=400&fit=crop
205,https://images.unsplash.com/photo-1519345182560-3f2917c472ef?w=400&h=400&fit=crop
206,https://images.unsplash.com/photo-1580489944761-15a19d654956?w=400&h=400&fit=crop
207,https://images.unsplash.com/photo-1463453091185-61582044d556?w=400&h=400&fit=crop
208,https://images.unsplash.com/photo-1534528741775-53994a69daeb?w=400&h=400&fit=crop
209,https://images.unsplash.com/photo-1506794778202-cad84cf45f1d?w=400&h=400&fit=crop
